season,round,gamecode,team,opponent,location,possessions,off_rtg,points,bench_points,starter_points,pace,fga,fg3a,fta
2024,33,E2024_294,BER,OLY,Home,72.2688,127.30251505490612,92,58,34,72.2688,70,29,12
2024,33,E2024_294,OLY,BER,Away,69.5424,143.79716547027425,100,44,56,69.5424,57,30,26
2024,16,E2024_136,MCO,MUN,Home,67.6608,137.45034052213393,93,51,42,67.6608,71,25,17
2024,16,E2024_136,MUN,MCO,Away,69.0432,107.17927326659252,74,30,44,69.0432,58,32,18
2024,22,E2024_192,PRS,TEL,Home,74.68799999999999,128.53470437017998,96,39,57,74.68799999999999,71,28,20
2024,22,E2024_192,TEL,PRS,Away,72.0,115.27777777777777,83,24,59,72.0,63,19,25
2024,1,E2024_1,BER,PAN,Home,66.62400000000001,115.57396733909701,77,43,34,66.62400000000001,66,31,10
2024,1,E2024_1,PAN,BER,Away,66.5088,130.8097575057737,87,44,43,66.5088,64,30,12
2024,8,E2024_71,BAR,BAS,Home,67.2768,135.26208143074584,91,39,52,67.2768,70,23,7
2024,8,E2024_71,BAS,BAR,Away,67.2768,101.07496194824964,68,24,44,67.2768,61,27,7
2024,7,E2024_61,RED,PAN,Home,68.6592,112.14811707680836,77,48,29,68.6592,56,30,8
2024,7,E2024_61,PAN,RED,Away,68.16,118.8380281690141,81,28,53,68.16,60,21,25
2024,16,E2024_144,PAR,ASV,Home,72.1536,109.48864644314351,79,39,40,72.1536,63,19,14
2024,16,E2024_144,ASV,PAR,Away,69.3504,118.24012550756737,82,27,55,69.3504,63,26,21
2024,30,E2024_270,PAR,IST,Home,64.6656,100.51712193190816,65,25,40,64.6656,72,30,19
2024,30,E2024_270,IST,PAR,Away,64.89599999999999,149.46992110453652,97,45,52,64.89599999999999,57,24,15
2024,2,E2024_17,BAR,BER,Home,72.07679999999999,122.0919907654058,88,47,41,72.07679999999999,69,28,7
2024,2,E2024_17,BER,BAR,Away,72.576,100.58421516754852,73,31,42,72.576,65,18,15
2024,11,E2024_91,VIR,ULK,Home,73.6896,111.27757512593365,82,21,61,73.6896,63,29,29
2024,11,E2024_91,ULK,VIR,Away,71.7312,119.89204139900072,86,31,55,71.7312,65,33,13
2024,17,E2024_148,IST,PAR,Home,63.667199999999994,135.07740249296342,86,31,55,63.667199999999994,63,31,3
2024,17,E2024_148,PAR,IST,Away,64.1664,120.00049870337124,77,19,58,64.1664,60,18,11
2024,9,E2024_79,MAD,VIR,Home,69.3888,141.233167312304,98,40,58,69.3888,70,35,12
2024,9,E2024_79,VIR,MAD,Away,68.3136,125.89001311598278,86,25,61,68.3136,65,26,14
2024,18,E2024_161,MUN,PAN,Home,69.9264,98.67517847336627,69,21,48,69.9264,69,34,11
2024,18,E2024_161,PAN,MUN,Away,68.81280000000001,116.25744047619047,80,50,30,68.81280000000001,65,28,22
2024,4,E2024_30,MUN,PRS,Home,73.61280000000001,148.07207442183966,109,44,65,73.61280000000001,63,33,22
2024,4,E2024_30,PRS,MUN,Away,76.3776,140.09343053460702,107,51,56,76.3776,71,32,24
2024,3,E2024_27,TEL,IST,Home,71.3856,130.27837547068316,93,41,52,71.3856,63,22,19
2024,3,E2024_27,IST,TEL,Away,70.00319999999999,129.9940574145182,91,23,68,70.00319999999999,62,23,18
2024,19,E2024_171,MAD,MUN,Home,71.7312,122.68022840827979,88,38,50,71.7312,67,27,13
2024,19,E2024_171,MUN,MAD,Away,71.61599999999999,106.12153708668457,76,17,59,71.61599999999999,63,32,15
2024,21,E2024_181,ASV,PAR,Home,64.8576,95.5940398657983,62,20,42,64.8576,51,24,24
2024,21,E2024_181,PAR,ASV,Away,65.62559999999999,141.7129900526624,93,41,52,65.62559999999999,65,24,19
2024,1,E2024_3,ZAL,BAR,Home,65.24159999999999,113.4245634687071,74,35,39,65.24159999999999,64,29,9
2024,1,E2024_3,BAR,ZAL,Away,61.785599999999995,108.43950694012845,67,31,36,61.785599999999995,57,20,19
2024,14,E2024_120,PAR,PAN,Home,67.3536,135.10784872671988,91,43,48,67.3536,60,25,14
2024,14,E2024_120,PAN,PAR,Away,68.12159999999999,107.16131153701618,73,22,51,68.12159999999999,64,29,9
2024,25,E2024_224,PRS,OLY,Home,63.4368,115.07516142050041,73,28,45,63.4368,71,37,7
2024,25,E2024_224,OLY,PRS,Away,62.9376,142.99877974374618,90,26,64,62.9376,57,27,24
2024,10,E2024_87,ZAL,ULK,Home,70.7328,91.89513210278683,65,36,29,70.7328,63,20,22
2024,10,E2024_87,ULK,ZAL,Away,66.9696,107.51146788990826,72,35,37,66.9696,58,25,29
2024,7,E2024_56,OLY,BAR,Home,70.8096,134.16259942154736,95,35,60,70.8096,63,30,29
2024,7,E2024_56,BAR,OLY,Away,69.696,106.17539026629936,74,44,30,69.696,62,17,15
2024,38,E2024_315,MCO,BAR,Home,66.81599999999999,137.69157088122608,92,47,45,66.81599999999999,65,26,15
2024,38,E2024_315,BAR,MCO,Away,65.2032,121.15969768354928,79,29,50,65.2032,57,21,18
2024,29,E2024_253,ULK,ASV,Home,67.4688,136.35932460633654,92,46,46,67.4688,66,30,12
2024,29,E2024_253,ASV,ULK,Away,69.696,117.65381083562903,82,40,42,69.696,65,26,15
2024,38,E2024_316,PAN,IST,Home,66.4704,114.3366069709224,76,21,55,66.4704,57,30,21
2024,38,E2024_316,IST,PAN,Away,65.62559999999999,120.37985176516483,79,22,57,65.62559999999999,60,23,19
2024,9,E2024_80,PAR,BAR,Home,72.6144,108.79384805217698,79,32,47,72.6144,64,27,31
2024,9,E2024_80,BAR,PAR,Away,70.5408,123.33287969515514,87,29,58,70.5408,66,30,17
2024,8,E2024_66,MIL,MAD,Home,71.5008,118.87978875760832,85,30,55,71.5008,60,29,17
2024,8,E2024_66,MAD,MIL,Away,72.2688,105.16294721927028,76,41,35,72.2688,67,30,12
2024,26,E2024_233,BAR,OLY,Home,65.2032,134.9627012171182,88,38,50,65.2032,60,25,18
2024,26,E2024_233,OLY,BAR,Away,66.048,136.26453488372093,90,22,68,66.048,61,26,20
2024,16,E2024_137,PAN,MIL,Home,68.3904,150.60593299644393,103,31,72,68.3904,61,32,21
2024,16,E2024_137,MIL,PAN,Away,68.6976,107.71846469163407,74,30,44,68.6976,55,20,24
2024,34,E2024_302,PRS,BER,Home,66.93119999999999,107.57314974182447,72,27,45,66.93119999999999,61,33,13
2024,34,E2024_302,BER,PRS,Away,68.3904,92.11819202695115,63,38,25,68.3904,55,19,21
2024,22,E2024_194,ULK,ZAL,Home,66.3168,147.77552596023932,98,37,61,66.3168,56,26,32
2024,22,E2024_194,ZAL,ULK,Away,67.3536,127.68434055492209,86,47,39,67.3536,58,28,14
2024,26,E2024_234,VIR,PRS,Home,70.464,109.27565849227973,77,35,42,70.464,63,24,10
2024,26,E2024_234,PRS,VIR,Away,69.696,119.08861340679522,83,38,45,69.696,62,37,15
2024,30,E2024_265,BAS,MUN,Home,72.49919999999999,154.48446327683618,112,45,67,72.49919999999999,70,32,8
2024,30,E2024_265,MUN,BAS,Away,70.9632,125.4171176046176,89,46,43,70.9632,63,37,18
2024,14,E2024_126,MIL,ASV,Home,69.504,132.36648250460402,92,39,53,69.504,56,25,35
2024,14,E2024_126,ASV,MIL,Away,74.68799999999999,112.46786632390749,84,36,48,74.68799999999999,63,24,20
2024,34,E2024_305,PAN,RED,Home,72.96,152.13815789473685,111,37,74,72.96,67,33,25
2024,34,E2024_305,RED,PAN,Away,75.4176,137.89884589273592,104,43,61,75.4176,71,27,24
2024,32,E2024_285,ULK,BAS,Home,66.7776,122.79566800843395,82,47,35,66.7776,66,23,24
2024,32,E2024_285,BAS,ULK,Away,67.43039999999999,114.19181852695522,77,25,52,67.43039999999999,67,27,21
2024,26,E2024_228,ZAL,MIL,Home,70.7328,122.99809989142236,87,47,40,70.7328,65,34,22
2024,26,E2024_228,MIL,ZAL,Away,69.1968,128.61866444691086,89,17,72,69.1968,51,17,32
2024,22,E2024_198,BAR,IST,Home,68.0064,132.34048560135517,90,47,43,68.0064,62,22,11
2024,22,E2024_198,IST,BAR,Away,65.3184,122.47697432882619,80,27,53,65.3184,55,24,16
2024,39,E2024_318,MAD,OLY,Home,67.1232,119.18382913806256,80,19,61,67.1232,62,19,18
2024,39,E2024_318,OLY,MAD,Away,65.5488,109.84182776801406,72,27,45,65.5488,59,22,12
2024,40,E2024_324,IST,PAN,Home,69.0432,123.11132740081572,85,44,41,69.0432,62,27,18
2024,40,E2024_324,PAN,IST,Away,66.7008,122.93705622721167,82,38,44,66.7008,62,22,17
2024,43,E2024_330,MCO,ULK,Home,65.4336,106.97867762128325,70,4,66,65.4336,63,21,14
2024,43,E2024_330,ULK,MCO,Away,63.782399999999996,126.99428055388321,81,24,57,63.782399999999996,60,22,26
2024,16,E2024_139,PRS,MAD,Home,73.3056,115.952942203597,85,29,56,73.3056,73,38,19
2024,16,E2024_139,MAD,PRS,Away,71.6928,133.90465988216388,96,55,41,71.6928,67,34,22
2024,27,E2024_240,IST,BER,Home,75.9552,129.02342433434444,98,68,30,75.9552,65,23,23
2024,27,E2024_240,BER,IST,Away,77.6832,93.97141209424946,73,40,33,77.6832,61,24,18
2024,15,E2024_134,BAR,MIL,Home,71.5392,113.22463768115942,81,15,66,71.5392,60,27,8
2024,15,E2024_134,MIL,BAR,Away,72.7296,129.24586413234775,94,21,73,72.7296,59,24,29
2024,12,E2024_106,PAN,MCO,Home,71.34719999999999,123.34050950843204,88,28,60,71.34719999999999,62,26,28
2024,12,E2024_106,MCO,PAN,Away,70.6176,128.86305963385897,91,34,57,70.6176,59,22,24
2024,19,E2024_164,BER,MCO,Home,74.26559999999999,121.18665977249225,90,50,40,74.26559999999999,67,27,19
2024,19,E2024_164,MCO,BER,Away,75.1104,139.79422290388547,105,34,71,75.1104,64,26,21
2024,8,E2024_72,VIR,TEL,Home,64.7808,129.66804979253112,84,22,62,64.7808,63,25,17
2024,8,E2024_72,TEL,VIR,Away,66.20159999999998,116.31138824439292,77,30,47,66.20159999999998,69,17,9
2024,13,E2024_115,MCO,OLY,Home,63.1296,126.72343876723437,80,31,49,63.1296,67,24,4
2024,13,E2024_115,OLY,MCO,Away,64.70400000000001,137.54945598417407,89,45,44,64.70400000000001,65,32,10
2024,18,E2024_159,PAR,ULK,Home,69.3504,129.77574750830564,90,53,37,69.3504,62,18,21
2024,18,E2024_159,ULK,PAR,Away,69.1584,117.12243198223209,81,28,53,69.1584,61,31,16
2024,25,E2024_217,IST,MAD,Home,70.7328,111.687929786464,79,20,59,70.7328,66,27,22
2024,25,E2024_217,MAD,IST,Away,72.34559999999999,100.90454706298657,73,29,44,72.34559999999999,60,30,19
2024,2,E2024_10,MCO,TEL,Home,66.048,128.69428294573643,85,36,49,66.048,67,24,20
2024,2,E2024_10,TEL,MCO,Away,68.73599999999999,114.93249534450653,79,27,52,68.73599999999999,65,19,15
2024,31,E2024_275,PAR,BER,Home,68.0832,124.84724572288025,85,62,23,68.0832,62,19,18
2024,31,E2024_275,BER,PAR,Away,69.88799999999999,101.59111721611723,71,42,29,69.88799999999999,56,20,20
2024,6,E2024_48,ZAL,RED,Home,63.7056,134.99598151496886,86,62,24,63.7056,62,28,19
2024,6,E2024_48,RED,ZAL,Away,63.36,132.57575757575756,84,36,48,63.36,53,18,25
2024,19,E2024_165,ASV,MIL,Home,71.2704,92.60506465517241,66,22,44,71.2704,48,21,21
2024,19,E2024_165,MIL,ASV,Away,68.5056,109.48010089686098,75,36,39,68.5056,64,25,19
2024,23,E2024_205,ASV,BAR,Home,70.7712,141.30041598842467,100,37,63,70.7712,68,29,13
2024,23,E2024_205,BAR,ASV,Away,70.92479999999999,132.5347410214763,94,47,47,70.92479999999999,58,23,27
2024,34,E2024_299,OLY,TEL,Home,72.23039999999999,137.06140350877197,99,51,48,72.23039999999999,70,30,21
2024,34,E2024_299,TEL,OLY,Away,72.384,128.4814323607427,93,38,55,72.384,75,28,10
2024,4,E2024_34,IST,OLY,Home,63.93599999999999,142.32982982982983,91,46,45,63.93599999999999,60,24,15
2024,4,E2024_34,OLY,IST,Away,67.6608,131.5384979190314,89,44,45,67.6608,61,23,17
2024,3,E2024_21,OLY,MIL,Home,70.31039999999999,126.5815583469871,89,45,44,70.31039999999999,57,27,21
2024,3,E2024_21,MIL,OLY,Away,70.2336,96.81975578640424,68,38,30,70.2336,65,20,14
2024,20,E2024_173,MCO,BAR,Home,71.2704,117.86099137931035,84,42,42,71.2704,61,26,21
2024,20,E2024_173,BAR,MCO,Away,72.1536,135.82135887883626,98,55,43,72.1536,67,25,14
2024,18,E2024_154,MCO,IST,Home,70.848,132.6784101174345,94,49,45,70.848,56,22,20
2024,18,E2024_154,IST,MCO,Away,70.3488,106.6116266375546,75,34,41,70.3488,68,21,12
2024,23,E2024_206,OLY,ULK,Home,67.4688,114.12682602921646,77,16,61,67.4688,52,14,37
2024,23,E2024_206,ULK,OLY,Away,70.7712,122.93136190992948,87,35,52,70.7712,64,32,13
2024,30,E2024_262,PRS,MIL,Home,72.3072,127.23490883342185,92,34,58,72.3072,67,36,28
2024,30,E2024_262,MIL,PRS,Away,70.7328,111.687929786464,79,32,47,70.7328,59,29,22
2024,28,E2024_251,OLY,PAR,Home,64.128,127.86926147704591,82,33,49,64.128,55,29,20
2024,28,E2024_251,PAR,OLY,Away,65.1264,107.48329402515722,70,21,49,65.1264,58,25,11
2024,10,E2024_90,VIR,PAN,Home,67.2,114.58333333333333,77,18,59,67.2,61,20,25
2024,10,E2024_90,PAN,VIR,Away,64.2432,127.63996812113967,82,21,61,64.2432,54,26,18
2024,29,E2024_259,OLY,PAN,Home,68.0832,111.62812558751645,76,21,55,68.0832,58,27,18
2024,29,E2024_259,PAN,OLY,Away,67.8528,109.05961139407658,74,42,32,67.8528,53,26,22
2024,10,E2024_88,BAR,PRS,Home,77.568,112.15965346534654,87,44,43,77.568,61,26,20
2024,10,E2024_88,PRS,BAR,Away,76.9152,133.91371276418707,103,51,52,76.9152,65,23,23
2024,28,E2024_249,IST,VIR,Home,68.73599999999999,129.48091247672255,89,27,62,68.73599999999999,64,27,15
2024,28,E2024_249,VIR,IST,Away,65.3184,104.10542817950225,68,30,38,65.3184,57,23,16
2024,26,E2024_227,BER,RED,Home,70.5792,100.59620964816828,71,24,47,70.5792,59,25,8
2024,26,E2024_227,RED,BER,Away,67.92960000000001,113.3526474467684,77,37,40,67.92960000000001,59,23,29
2024,15,E2024_129,BAS,VIR,Home,68.58239999999999,118.10610302351625,81,36,45,68.58239999999999,60,33,26
2024,15,E2024_129,VIR,BAS,Away,68.73599999999999,119.29702048417134,82,25,57,68.73599999999999,63,19,15
2024,17,E2024_152,RED,TEL,Home,69.1584,117.12243198223209,81,40,41,69.1584,65,33,16
2024,17,E2024_152,TEL,RED,Away,68.73599999999999,106.20344506517692,73,11,62,68.73599999999999,63,25,15
2024,20,E2024_177,ZAL,MAD,Home,66.89280000000001,95.67546880979717,64,31,33,66.89280000000001,53,28,22
2024,20,E2024_177,MAD,ZAL,Away,72.4224,114.6054259455638,83,43,40,72.4224,64,28,26
2024,13,E2024_109,IST,MUN,Home,66.7392,151.3353471423092,101,51,50,66.7392,66,27,8
2024,13,E2024_109,MUN,IST,Away,67.8912,132.56504524886878,90,17,73,67.8912,68,30,13
2024,24,E2024_210,MIL,PAN,Home,68.81280000000001,126.42996651785711,87,13,74,68.81280000000001,59,24,22
2024,24,E2024_210,PAN,MIL,Away,69.9264,107.25562877539814,75,31,44,69.9264,66,28,11
2024,9,E2024_74,MCO,RED,Home,71.5776,125.737660944206,90,40,50,71.5776,65,18,24
2024,9,E2024_74,RED,MCO,Away,70.31039999999999,139.3819406517386,98,59,39,70.31039999999999,66,33,21
2024,33,E2024_289,MCO,PAN,Home,67.4688,112.64465945740847,76,11,65,67.4688,69,19,12
2024,33,E2024_289,PAN,MCO,Away,68.96640000000001,127.5983667409057,88,17,71,68.96640000000001,59,16,11
2024,7,E2024_55,BER,IST,Home,72.576,96.45061728395062,70,12,58,72.576,58,22,15
2024,7,E2024_55,IST,BER,Away,71.2704,120.66720545977012,86,46,40,71.2704,57,19,21
2024,27,E2024_237,PRS,MUN,Home,71.8848,129.37366452991452,93,42,51,71.8848,69,31,27
2024,27,E2024_237,MUN,PRS,Away,70.848,124.20957542908762,88,40,48,70.848,61,31,20
2024,13,E2024_113,PAR,ZAL,Home,63.552,132.17522658610272,84,35,49,63.552,54,23,30
2024,13,E2024_113,ZAL,PAR,Away,61.1712,127.51098556183302,78,30,48,61.1712,63,40,13
2024,34,E2024_301,PAR,MAD,Home,71.61599999999999,124.2739052725648,89,29,60,71.61599999999999,69,26,15
2024,34,E2024_301,MAD,PAR,Away,72.0,126.38888888888889,91,45,46,72.0,68,27,25
2024,15,E2024_135,ASV,PRS,Home,74.7648,131.07772641670948,98,50,48,74.7648,63,34,27
2024,15,E2024_135,PRS,ASV,Away,74.15039999999999,125.4207664422579,93,40,53,74.15039999999999,69,26,21
2024,14,E2024_124,OLY,PRS,Home,74.8032,120.31570841889116,90,33,57,74.8032,52,21,43
2024,14,E2024_124,PRS,OLY,Away,77.568,123.76237623762376,96,40,56,77.568,68,36,20
2024,18,E2024_158,BAR,RED,Home,67.8912,108.99792609351434,74,27,47,67.8912,60,25,13
2024,18,E2024_158,RED,BAR,Away,66.7776,116.80563542265669,78,34,44,66.7776,58,29,24
2024,13,E2024_112,BAS,ULK,Home,70.7712,124.34436606981372,88,34,54,70.7712,58,25,13
2024,13,E2024_112,ULK,BAS,Away,71.0016,107.03984135568776,76,31,45,71.0016,69,36,9
2024,10,E2024_84,MUN,BER,Home,81.8688,140.4686522826767,115,43,72,81.8688,74,33,12
2024,10,E2024_84,BER,MUN,Away,79.488,110.70853462157811,88,41,47,79.488,63,21,20
2024,25,E2024_220,PAN,ULK,Home,71.5776,127.1347460658083,91,45,46,71.5776,66,22,24
2024,25,E2024_220,ULK,PAN,Away,73.8432,121.8798751950078,90,41,49,73.8432,68,32,18
2024,14,E2024_121,MAD,ULK,Home,66.5088,105.24923017705929,70,18,52,66.5088,58,17,12
2024,14,E2024_121,ULK,MAD,Away,66.1632,123.93596440317276,82,24,58,66.1632,64,27,18
2024,6,E2024_53,PAR,MCO,Home,65.0112,113.82654065760975,74,28,46,65.0112,60,27,13
2024,6,E2024_53,MCO,PAR,Away,69.5424,113.59976072151665,79,46,33,69.5424,62,27,26
2024,29,E2024_254,ZAL,PRS,Home,67.1232,123.65322273073991,83,37,46,67.1232,62,25,18
2024,29,E2024_254,PRS,ZAL,Away,70.3488,115.14055676855897,81,34,47,70.3488,61,20,12
2024,11,E2024_98,ZAL,PAN,Home,67.5456,124.36043206367256,84,28,56,67.5456,65,32,19
2024,11,E2024_98,PAN,ZAL,Away,66.4704,115.84103601001348,77,34,43,66.4704,54,25,21
2024,20,E2024_174,PAN,PAR,Home,70.7328,135.72204125950057,96,18,78,70.7328,62,22,22
2024,20,E2024_174,PAR,PAN,Away,73.1904,114.7691500524659,84,29,55,73.1904,68,22,21
2024,38,E2024_317,ULK,PRS,Home,65.74080000000001,135.38015965732086,89,45,44,65.74080000000001,57,23,17
2024,38,E2024_317,PRS,ULK,Away,66.1632,108.82182240278584,72,31,41,66.1632,68,26,18
2024,7,E2024_59,ULK,PAR,Home,68.3136,130.28152520142405,89,33,56,68.3136,61,37,14
2024,7,E2024_59,PAR,ULK,Away,67.6608,106.41316685584563,72,31,41,67.6608,61,21,17
2024,16,E2024_138,BAR,ULK,Home,67.3536,133.6231470923603,90,25,65,67.3536,61,18,14
2024,16,E2024_138,ULK,BAR,Away,68.4288,92.06649831649833,63,20,43,68.4288,62,30,12
2024,31,E2024_272,MCO,ZAL,Home,76.1088,126.13521695257315,96,32,64,76.1088,69,22,37
2024,31,E2024_272,ZAL,MCO,Away,76.14719999999998,112.93914943688017,86,30,56,76.14719999999998,67,31,28
2024,26,E2024_232,BAS,TEL,Home,70.2336,126.71997448514671,89,32,57,70.2336,64,33,14
2024,26,E2024_232,TEL,BAS,Away,69.312,118.30563250230841,82,20,62,69.312,70,31,5
2024,28,E2024_246,BAS,ZAL,Home,63.36,104.16666666666667,66,35,31,63.36,58,21,25
2024,28,E2024_246,ZAL,BAS,Away,62.4384,104.10260352603527,65,19,46,62.4384,62,22,16
2024,34,E2024_303,IST,ZAL,Home,65.9712,131.8757275902212,87,44,43,65.9712,58,15,13
2024,34,E2024_303,ZAL,IST,Away,69.0432,111.52437893956248,77,28,49,69.0432,64,22,18
2024,26,E2024_229,PAN,IST,Home,71.61599999999999,145.21894548704205,104,39,65,71.61599999999999,68,33,15
2024,26,E2024_229,IST,PAN,Away,72.1536,123.34796877771865,89,47,42,72.1536,56,21,14
2024,24,E2024_215,OLY,IST,Home,70.3488,130.77692867540028,92,23,69,70.3488,53,19,37
2024,24,E2024_215,IST,OLY,Away,69.8112,127.48670700403373,89,44,45,69.8112,69,26,13
2024,9,E2024_78,BAS,IST,Home,66.2784,126.73812282734647,84,32,52,66.2784,69,22,16
2024,9,E2024_78,IST,BAS,Away,63.3984,140.3820916616192,89,46,43,63.3984,65,28,16
2024,16,E2024_140,BER,ZAL,Home,74.3424,88.7784090909091,66,18,48,74.3424,59,18,26
2024,16,E2024_140,ZAL,BER,Away,72.768,118.18381706244503,86,33,53,72.768,62,33,20
2024,31,E2024_271,ULK,PRS,Home,73.6512,137.13286409454292,101,36,65,73.6512,73,35,13
2024,31,E2024_271,PRS,ULK,Away,74.68799999999999,133.8903170522708,100,36,64,74.68799999999999,66,23,20
2024,27,E2024_241,VIR,OLY,Home,72.6528,96.34866102889359,70,40,30,72.6528,63,22,22
2024,27,E2024_241,OLY,VIR,Away,72.576,126.7636684303351,92,43,49,72.576,67,26,15
2024,7,E2024_58,TEL,MAD,Home,64.128,123.19111776447104,79,31,48,64.128,62,20,20
2024,7,E2024_58,MAD,TEL,Away,68.3136,114.17931422147274,78,23,55,68.3136,63,28,14
2024,8,E2024_64,IST,MCO,Home,70.65599999999999,97.65625000000001,69,24,45,70.65599999999999,61,26,15
2024,8,E2024_64,MCO,IST,Away,69.2352,116.99251247920132,81,32,49,69.2352,61,21,23
2024,32,E2024_282,MIL,BAR,Home,75.53280000000001,116.50567700389762,88,16,72,75.53280000000001,62,25,22
2024,32,E2024_282,BAR,MIL,Away,78.95039999999999,124.12856679636836,98,69,29,78.95039999999999,68,29,21
2024,7,E2024_62,ASV,MUN,Home,66.93119999999999,106.07907821763246,71,35,36,66.93119999999999,64,27,13
2024,7,E2024_62,MUN,ASV,Away,67.96799999999999,123.58757062146894,84,43,41,67.96799999999999,65,35,20
2024,20,E2024_178,RED,PRS,Home,65.51039999999999,129.75039077764754,85,39,46,65.51039999999999,63,21,21
2024,20,E2024_178,PRS,RED,Away,65.856,104.77405247813411,69,31,38,65.856,72,30,15
2024,5,E2024_43,ULK,PAN,Home,68.4288,111.0643471754583,76,35,41,68.4288,58,29,12
2024,5,E2024_43,PAN,ULK,Away,67.2,120.53571428571428,81,37,44,67.2,57,21,25
2024,26,E2024_231,MCO,PAR,Home,64.89599999999999,106.32396449704144,69,26,43,64.89599999999999,59,28,15
2024,26,E2024_231,PAR,MCO,Away,66.048,130.20833333333331,86,38,48,66.048,60,16,20
2024,3,E2024_22,BAS,MAD,Home,69.9264,108.68570382573677,76,44,32,69.9264,67,26,11
2024,3,E2024_22,MAD,BAS,Away,67.392,106.83760683760684,72,21,51,67.392,68,33,5
2024,17,E2024_145,PAN,BAS,Home,66.93119999999999,155.38343851596866,104,45,59,66.93119999999999,67,32,13
2024,17,E2024_145,BAS,PAN,Away,65.9712,104.59109429569267,69,35,34,65.9712,61,25,13
2024,8,E2024_70,PAN,OLY,Home,70.31039999999999,126.5815583469871,89,37,52,70.31039999999999,56,21,21
2024,8,E2024_70,OLY,PAN,Away,72.2688,130.0699610343606,94,40,54,72.2688,69,24,12
2024,27,E2024_236,MIL,MCO,Home,69.7728,123.25720051366721,86,23,63,69.7728,56,26,22
2024,27,E2024_236,MCO,MIL,Away,72.576,110.22927689594357,80,40,40,72.576,71,27,15
2024,12,E2024_105,RED,MUN,Home,71.0784,142.0966144426436,101,35,66,71.0784,69,29,16
2024,12,E2024_105,MUN,RED,Away,70.8864,108.62450343084147,77,49,28,70.8864,68,30,11
2024,29,E2024_260,MUN,IST,Home,74.26559999999999,123.87969665632541,92,22,70,74.26559999999999,66,38,19
2024,29,E2024_260,IST,MUN,Away,75.8784,127.83611673414306,97,52,45,75.8784,70,31,16
2024,1,E2024_9,VIR,IST,Home,71.15520000000001,94.16037057024643,67,27,40,71.15520000000001,53,20,23
2024,1,E2024_9,IST,VIR,Away,71.0784,106.92418512515758,76,39,37,71.0784,64,21,16
2024,34,E2024_300,MIL,BAS,Home,69.27359999999999,160.23420177383593,111,41,70,69.27359999999999,78,30,14
2024,34,E2024_300,BAS,MIL,Away,72.1536,123.34796877771865,89,52,37,72.1536,69,26,14
2024,3,E2024_23,PRS,PAN,Home,69.12,121.52777777777777,84,41,43,69.12,70,29,25
2024,3,E2024_23,PAN,PRS,Away,68.58239999999999,116.64800298618889,80,30,50,68.58239999999999,59,19,26
2024,9,E2024_81,PRS,ZAL,Home,71.03999999999999,116.8355855855856,83,40,43,71.03999999999999,55,22,25
2024,9,E2024_81,ZAL,PRS,Away,72.96,105.53728070175438,77,56,21,72.96,66,23,25
2024,31,E2024_277,IST,BAS,Home,65.8944,139.6173271173271,92,44,48,65.8944,75,25,6
2024,31,E2024_277,BAS,IST,Away,67.4688,112.64465945740847,76,17,59,67.4688,56,26,12
2024,22,E2024_197,MUN,VIR,Home,68.0064,105.87238848108413,72,23,49,68.0064,72,41,11
2024,22,E2024_197,VIR,MUN,Away,69.5424,117.91367568562488,82,36,46,69.5424,55,24,26
2024,36,E2024_309,MAD,MUN,Home,65.9712,140.97060535506404,93,32,61,65.9712,58,28,13
2024,36,E2024_309,MUN,MAD,Away,66.62400000000001,106.56820365033619,71,34,37,66.62400000000001,61,30,10
2024,23,E2024_201,VIR,MCO,Home,67.392,118.70845204178538,80,27,53,67.392,57,34,30
2024,23,E2024_201,MCO,VIR,Away,67.2,127.97619047619047,86,41,45,67.2,57,18,25
2024,19,E2024_170,PAR,TEL,Home,74.7264,131.1450839328537,98,50,48,74.7264,74,31,11
2024,19,E2024_170,TEL,PAR,Away,69.88799999999999,107.31456043956045,75,24,51,69.88799999999999,63,29,20
2024,21,E2024_185,MAD,TEL,Home,73.92,156.9264069264069,116,51,65,73.92,72,32,25
2024,21,E2024_185,TEL,MAD,Away,74.3424,151.9993973829201,113,40,73,74.3424,64,22,26
2024,18,E2024_157,TEL,ZAL,Home,70.848,134.08988256549233,95,21,74,70.848,61,15,20
2024,18,E2024_157,ZAL,TEL,Away,72.768,107.18997361477574,78,31,47,72.768,60,38,20
2024,24,E2024_209,BAS,BAR,Home,71.61599999999999,122.87756925826633,88,27,61,71.61599999999999,61,24,15
2024,24,E2024_209,BAR,BAS,Away,73.6512,116.76659714980882,86,52,34,73.6512,67,20,13
2024,22,E2024_193,MAD,OLY,Home,75.03359999999999,114.61531900375299,86,51,35,75.03359999999999,69,29,14
2024,22,E2024_193,OLY,MAD,Away,77.3376,124.13108242303875,96,38,58,77.3376,67,30,24
2024,34,E2024_298,MUN,ULK,Home,69.4656,110.84623180394327,77,19,58,69.4656,62,33,19
2024,34,E2024_298,ULK,MUN,Away,68.96640000000001,129.04834818114327,89,29,60,68.96640000000001,59,31,11
2024,29,E2024_258,RED,MIL,Home,70.272,113.84335154826957,80,38,42,70.272,57,21,30
2024,29,E2024_258,MIL,RED,Away,71.34719999999999,114.9309293146753,82,33,49,71.34719999999999,56,16,28
2024,28,E2024_248,MUN,RED,Home,72.34559999999999,138.22540693559804,100,39,61,72.34559999999999,61,37,19
2024,28,E2024_248,RED,MUN,Away,71.19359999999999,115.17889248471775,82,40,42,71.19359999999999,68,34,14
2024,11,E2024_95,MIL,TEL,Home,68.5056,143.05399850523168,98,24,74,68.5056,60,29,19
2024,11,E2024_95,TEL,MIL,Away,69.6576,123.46104373392134,86,33,53,69.6576,61,21,24
2024,30,E2024_267,TEL,VIR,Home,71.6928,107.40269594715228,77,29,48,71.6928,59,23,22
2024,30,E2024_267,VIR,TEL,Away,71.19359999999999,94.10958288385474,67,28,39,71.19359999999999,74,33,14
2024,29,E2024_257,TEL,MCO,Home,74.41919999999999,122.28027175782597,91,23,68,74.41919999999999,74,26,33
2024,29,E2024_257,MCO,TEL,Away,74.1888,118.61628709454797,88,26,62,74.1888,54,17,37
2024,15,E2024_127,ULK,MCO,Home,65.088,106.01032448377583,69,10,59,65.088,63,21,20
2024,15,E2024_127,MCO,ULK,Away,66.7776,148.25330649798732,99,41,58,66.7776,60,17,24
2024,3,E2024_19,BER,ASV,Home,72.23039999999999,116.29452418926105,84,42,42,72.23039999999999,69,27,21
2024,3,E2024_19,ASV,BER,Away,69.312,113.97737765466299,79,22,57,69.312,57,22,30
2024,12,E2024_103,PAR,OLY,Home,58.175999999999995,134.0759075907591,78,48,30,58.175999999999995,64,31,15
2024,12,E2024_103,OLY,PAR,Away,59.0976,118.44812648906216,70,20,50,59.0976,54,31,24
2024,20,E2024_176,IST,ASV,Home,63.36,119.94949494949496,76,27,49,63.36,54,17,25
2024,20,E2024_176,ASV,IST,Away,62.4,131.4102564102564,82,44,38,62.4,49,20,25
2024,23,E2024_204,BER,MUN,Home,70.65599999999999,118.8858695652174,84,39,45,70.65599999999999,66,28,15
2024,23,E2024_204,MUN,BER,Away,73.1904,135.26364113326338,99,33,66,73.1904,63,36,21
2024,32,E2024_286,BER,VIR,Home,70.31039999999999,91.02494083378846,64,36,28,70.31039999999999,73,33,21
2024,32,E2024_286,VIR,BER,Away,72.1536,149.6806812134114,108,43,65,72.1536,58,23,14
2024,13,E2024_110,ASV,MAD,Home,68.73599999999999,116.38733705772815,80,30,50,68.73599999999999,56,23,15
2024,13,E2024_110,MAD,ASV,Away,66.0864,118.02730970366066,78,38,40,66.0864,65,36,11
2024,2,E2024_18,OLY,ZAL,Home,67.1232,110.24504195270785,74,33,41,67.1232,47,17,43
2024,2,E2024_18,ZAL,OLY,Away,71.03999999999999,95.72072072072073,68,47,21,71.03999999999999,70,35,25
2024,20,E2024_179,OLY,MUN,Home,70.4256,159.03307888040712,112,35,77,70.4256,70,30,19
2024,20,E2024_179,MUN,OLY,Away,68.352,100.94803370786516,69,40,29,68.352,59,23,5
2024,11,E2024_99,MUN,BAR,Home,73.7664,135.5630747874371,100,17,83,73.7664,66,42,11
2024,11,E2024_99,BAR,MUN,Away,72.23039999999999,107.9877724614567,78,33,45,72.23039999999999,57,18,21
2024,6,E2024_50,OLY,MAD,Home,68.96640000000001,114.54853377876762,79,26,53,68.96640000000001,72,31,11
2024,6,E2024_50,MAD,OLY,Away,68.6208,100.55260212646895,69,23,46,68.6208,55,31,17
2024,28,E2024_252,BER,BAR,Home,74.38080000000001,114.27680261572877,85,45,40,74.38080000000001,71,25,17
2024,28,E2024_252,BAR,BER,Away,73.0368,135.5481072555205,99,51,48,73.0368,62,22,32
2024,4,E2024_35,RED,BAR,Home,78.2208,120.1726395025364,94,44,50,78.2208,64,25,17
2024,4,E2024_35,BAR,RED,Away,74.9184,130.8089868443533,98,47,51,74.9184,69,30,16
2024,31,E2024_276,MAD,MIL,Home,75.53280000000001,127.09710218607013,96,52,44,75.53280000000001,62,25,22
2024,31,E2024_276,MIL,MAD,Away,76.032,117.05597643097643,89,38,51,76.032,60,31,30
2024,35,E2024_307,MAD,PRS,Home,70.00319999999999,104.28094715670142,73,25,48,70.00319999999999,67,27,18
2024,35,E2024_307,PRS,MAD,Away,70.11840000000001,115.51889375684554,81,26,55,70.11840000000001,63,31,16
2024,11,E2024_94,OLY,BAS,Home,62.784000000000006,146.5341488277268,92,47,45,62.784000000000006,60,26,10
2024,11,E2024_94,BAS,OLY,Away,64.128,107.59730538922156,69,23,46,64.128,58,22,20
2024,24,E2024_216,PAR,RED,Home,65.74080000000001,107.99990264797508,71,23,48,65.74080000000001,59,17,17
2024,24,E2024_216,RED,PAR,Away,66.7776,109.3180946904351,73,30,43,66.7776,56,19,24
2024,3,E2024_24,VIR,ZAL,Home,68.928,98.65366759517178,68,15,53,68.928,59,24,20
2024,3,E2024_24,ZAL,VIR,Away,68.58239999999999,103.52510265024264,71,37,34,68.58239999999999,56,20,26
2024,5,E2024_45,MUN,OLY,Home,65.9712,127.32828870779977,84,15,69,65.9712,65,28,13
2024,5,E2024_45,OLY,MUN,Away,65.74080000000001,121.69003115264796,80,38,42,65.74080000000001,60,28,17
2024,1,E2024_2,MCO,MIL,Home,65.51039999999999,141.9621922626026,93,42,51,65.51039999999999,66,26,21
2024,1,E2024_2,MIL,MCO,Away,63.590399999999995,125.80515297906602,80,43,37,63.590399999999995,50,18,21
2024,19,E2024_167,ULK,IST,Home,66.8544,125.64618035611718,84,39,45,66.8544,57,26,31
2024,19,E2024_167,IST,ULK,Away,68.73599999999999,110.56797020484173,76,33,43,68.73599999999999,63,20,15
2024,12,E2024_101,BER,TEL,Home,78.4128,108.40066927848513,85,40,45,78.4128,67,20,22
2024,12,E2024_101,TEL,BER,Away,77.1456,133.5137713622034,103,46,57,77.1456,76,24,19
2024,10,E2024_85,MAD,IST,Home,68.3136,93.6855911560802,64,23,41,68.3136,62,34,14
2024,10,E2024_85,IST,MAD,Away,69.6576,106.23392135244396,74,39,35,69.6576,63,28,24
2024,12,E2024_108,ASV,IST,Home,69.8112,138.9461862852952,97,52,45,69.8112,66,26,13
2024,12,E2024_108,IST,ASV,Away,70.92479999999999,115.61541238043675,82,44,38,70.92479999999999,54,23,27
2024,8,E2024_68,PRS,PAR,Home,64.3584,114.98110580747812,74,28,46,64.3584,63,25,16
2024,8,E2024_68,PAR,PRS,Away,63.744,111.38303212851406,71,45,26,63.744,66,21,10
2024,9,E2024_76,OLY,ASV,Home,74.41919999999999,126.31148950808395,94,28,66,74.41919999999999,62,24,33
2024,9,E2024_76,ASV,OLY,Away,71.61599999999999,128.46291331546024,92,9,83,71.61599999999999,65,21,15
2024,27,E2024_238,MAD,BAR,Home,76.1088,126.13521695257315,96,53,43,76.1088,61,28,37
2024,27,E2024_238,BAR,MAD,Away,78.2208,116.33734249713632,91,49,42,78.2208,71,26,17
2024,13,E2024_116,MIL,RED,Home,70.7712,142.71342014830893,101,34,67,70.7712,72,33,13
2024,13,E2024_116,RED,MIL,Away,70.65599999999999,121.71648550724639,86,61,25,70.65599999999999,69,29,15
2024,4,E2024_33,MCO,VIR,Home,68.3904,147.6815459479693,101,45,56,68.3904,68,24,21
2024,4,E2024_33,VIR,MCO,Away,69.12,122.97453703703702,85,34,51,69.12,63,26,25
2024,33,E2024_296,BAS,ASV,Home,71.0784,156.16558616963803,111,39,72,71.0784,75,32,16
2024,33,E2024_296,ASV,BAS,Away,68.544,109.41876750700281,75,23,52,68.544,68,29,10
2024,19,E2024_166,BAS,RED,Home,66.3552,110.01398533950618,73,25,48,66.3552,63,28,23
2024,19,E2024_166,RED,BAS,Away,67.8912,110.47087104072399,75,41,34,67.8912,67,26,13
2024,31,E2024_279,TEL,PAN,Home,76.7232,119.91157824491157,92,33,59,76.7232,75,23,18
2024,31,E2024_279,PAN,TEL,Away,77.4144,127.88318452380952,99,31,68,77.4144,64,28,31
2024,21,E2024_184,PRS,IST,Home,70.11840000000001,125.5020080321285,88,40,48,70.11840000000001,69,31,16
2024,21,E2024_184,IST,PRS,Away,69.696,120.52341597796143,84,26,58,69.696,66,26,15
2024,1,E2024_8,PRS,RED,Home,62.630399999999995,122.94349070100144,77,33,44,62.630399999999995,65,23,21
2024,1,E2024_8,RED,PRS,Away,62.4384,128.12628126281263,80,45,35,62.4384,59,22,16
2024,8,E2024_69,ASV,ULK,Home,68.8896,105.9666480862133,73,48,25,68.8896,62,18,29
2024,8,E2024_69,ULK,ASV,Away,69.0432,111.52437893956248,77,33,44,69.0432,69,32,18
2024,15,E2024_130,MUN,TEL,Home,73.88159999999999,132.64466389466392,98,24,74,73.88159999999999,70,36,9
2024,15,E2024_130,TEL,MUN,Away,74.5728,124.71035015447991,93,15,78,74.5728,71,27,22
2024,33,E2024_290,ULK,BAR,Home,72.4608,103.50423953365129,75,29,46,72.4608,60,28,17
2024,33,E2024_290,BAR,ULK,Away,72.34559999999999,114.72708775654637,83,38,45,72.34559999999999,70,18,19
2024,18,E2024_162,VIR,ASV,Home,70.08,118.43607305936072,83,35,48,70.08,57,29,25
2024,18,E2024_162,ASV,VIR,Away,70.9632,97.23349567099568,69,20,49,70.9632,54,22,18
2024,17,E2024_146,PRS,ULK,Home,61.2864,135.4297201336675,83,29,54,61.2864,66,23,11
2024,17,E2024_146,ULK,PRS,Away,61.324799999999996,141.86756418284284,87,61,26,61.324799999999996,70,39,27
2024,4,E2024_29,MIL,ZAL,Home,66.5856,123.14975009611689,82,22,60,66.5856,64,21,19
2024,4,E2024_29,ZAL,MIL,Away,65.7024,129.37122540424704,85,39,46,65.7024,54,26,26
2024,27,E2024_235,RED,ZAL,Home,64.128,124.75049900199602,80,30,50,64.128,60,30,20
2024,27,E2024_235,ZAL,RED,Away,64.6656,132.99188440221695,86,24,62,64.6656,49,23,19
2024,2,E2024_11,RED,BAS,Home,64.58879999999999,120.7639714625446,78,22,56,64.58879999999999,59,22,12
2024,2,E2024_11,BAS,RED,Away,64.7808,109.60037541987751,71,21,50,64.7808,56,18,17
2024,24,E2024_213,ULK,VIR,Home,68.4288,138.83043396932285,95,52,43,68.4288,56,29,12
2024,24,E2024_213,VIR,ULK,Away,67.2,120.53571428571428,81,32,49,67.2,56,11,25
2024,37,E2024_313,ULK,PRS,Home,64.58879999999999,128.5052516845026,83,40,43,64.58879999999999,71,33,12
2024,37,E2024_313,PRS,ULK,Away,65.664,118.78654970760235,78,31,47,65.664,60,33,10
2024,25,E2024_221,MUN,MIL,Home,63.4752,137.06140350877192,87,34,53,63.4752,59,30,23
2024,25,E2024_221,MIL,MUN,Away,65.1264,107.48329402515722,70,31,39,65.1264,51,15,11
2024,21,E2024_189,MUN,MCO,Home,64.58879999999999,147.08432421720175,95,23,72,64.58879999999999,54,33,12
2024,21,E2024_189,MCO,MUN,Away,63.93599999999999,147.02202202202204,94,46,48,63.93599999999999,59,22,15
2024,34,E2024_306,BAR,VIR,Home,71.3856,127.47668997668997,91,29,62,71.3856,64,23,19
2024,34,E2024_306,VIR,BAR,Away,69.2352,125.65862451469772,87,32,55,69.2352,57,25,23
2024,23,E2024_200,PAN,ZAL,Home,67.6224,131.6131932614045,89,22,67,67.6224,71,29,26
2024,23,E2024_200,ZAL,PAN,Away,66.4704,114.3366069709224,76,36,40,66.4704,54,25,21
2024,30,E2024_264,OLY,RED,Home,68.85119999999999,106.02574828034952,73,35,38,68.85119999999999,61,23,13
2024,30,E2024_264,RED,OLY,Away,67.6608,119.71481271282633,81,19,62,67.6608,58,26,17
2024,27,E2024_239,TEL,ULK,Home,71.7696,130.97467451400036,94,26,68,71.7696,60,21,29
2024,27,E2024_239,ULK,TEL,Away,72.8832,104.27643133122584,76,39,37,72.8832,74,45,18
2024,14,E2024_122,TEL,BAR,Home,68.1984,126.10266516516515,86,26,60,68.1984,70,23,16
2024,14,E2024_122,BAR,TEL,Away,68.85119999999999,127.81186094069533,88,30,58,68.85119999999999,66,21,13
2024,32,E2024_280,ASV,ZAL,Home,68.3904,128.67303013288415,88,35,53,68.3904,58,27,21
2024,32,E2024_280,ZAL,ASV,Away,67.2384,117.49238530363601,79,39,40,67.2384,56,19,16
2024,19,E2024_169,PRS,BAR,Home,74.0352,106.70599930843707,79,35,44,74.0352,67,30,23
2024,19,E2024_169,BAR,PRS,Away,75.84,118.67088607594935,90,45,45,75.84,71,25,25
2024,33,E2024_292,MAD,PRS,Home,76.9152,136.5139790314528,105,72,33,76.9152,71,31,23
2024,33,E2024_292,PRS,MAD,Away,77.184,134.74295190713102,104,46,58,77.184,68,34,10
2024,12,E2024_104,ULK,MIL,Home,75.2256,112.99344903862514,85,33,52,75.2256,66,30,19
2024,12,E2024_104,MIL,ULK,Away,74.88,121.52777777777779,91,30,61,74.88,64,26,25
2024,16,E2024_142,IST,RED,Home,72.8832,122.11318932209343,89,46,43,72.8832,62,21,18
2024,16,E2024_142,RED,IST,Away,72.9984,91.7828335963528,67,23,44,72.9984,54,17,16
2024,5,E2024_37,PAR,VIR,Home,65.74080000000001,104.95765186915887,69,29,40,65.74080000000001,55,24,17
2024,5,E2024_37,VIR,PAR,Away,63.3984,110.41288108217242,70,9,61,63.3984,59,25,16
2024,10,E2024_89,PAR,MIL,Home,70.848,114.32926829268293,81,44,37,70.848,65,32,20
2024,10,E2024_89,MIL,PAR,Away,69.3504,126.89184200812109,88,39,49,69.3504,55,26,21
2024,23,E2024_203,TEL,RED,Home,70.2336,121.0246947330053,85,30,55,70.2336,52,23,14
2024,23,E2024_203,RED,TEL,Away,69.88799999999999,104.45283882783885,73,40,33,69.88799999999999,64,23,20
2024,3,E2024_26,PAR,MUN,Home,68.0448,126.38732129420617,86,40,46,68.0448,51,23,27
2024,3,E2024_26,MUN,PAR,Away,68.85119999999999,113.28778583379813,78,25,53,68.85119999999999,60,29,13
2024,42,E2024_328,ULK,PAN,Home,64.89599999999999,126.35601577909273,82,49,33,64.89599999999999,62,34,15
2024,42,E2024_328,PAN,ULK,Away,65.9328,115.26887982915939,76,11,65,65.9328,53,17,22
2024,26,E2024_226,ULK,MAD,Home,63.552,122.73413897280967,78,39,39,63.552,62,34,5
2024,26,E2024_226,MAD,ULK,Away,64.2816,104.22889287136599,67,32,35,64.2816,64,22,9
2024,25,E2024_223,BAR,TEL,Home,71.8464,139.18581863531088,100,44,56,71.8464,70,35,11
2024,25,E2024_223,TEL,BAR,Away,74.112,95.80094991364422,71,19,52,74.112,69,28,5
2024,4,E2024_28,BER,ULK,Home,67.2384,105.59442223491338,71,37,34,67.2384,64,26,16
2024,4,E2024_28,ULK,BER,Away,65.3952,119.27480916030532,78,44,34,65.3952,59,30,23
2024,23,E2024_199,IST,MIL,Home,64.8576,169.60232879415827,110,64,46,64.8576,63,27,24
2024,23,E2024_199,MIL,IST,Away,63.744,103.53915662650604,66,31,35,63.744,60,28,10
2024,13,E2024_117,VIR,BER,Home,84.0576,104.69011725293133,88,39,49,84.0576,79,37,24
2024,13,E2024_117,BER,VIR,Away,85.1328,105.7171853856563,90,34,56,85.1328,84,29,22
2024,21,E2024_187,RED,ULK,Home,64.8576,140.3073810933491,91,47,44,64.8576,52,20,24
2024,21,E2024_187,ULK,RED,Away,66.89280000000001,143.51320321469575,96,43,53,66.89280000000001,60,35,22
2024,15,E2024_132,IST,PAN,Home,66.62400000000001,139.58933717579248,93,49,44,66.62400000000001,64,23,10
2024,15,E2024_132,PAN,IST,Away,66.7776,100.33304581176921,67,24,43,66.7776,66,24,24
2024,2,E2024_15,MAD,PAR,Home,72.23039999999999,128.75465178096758,93,51,42,72.23039999999999,63,27,21
2024,2,E2024_15,PAR,MAD,Away,69.88799999999999,123.05402930402931,86,49,37,69.88799999999999,59,28,20
2024,7,E2024_57,MIL,VIR,Home,74.9952,132.0084485407066,99,63,36,74.9952,70,29,23
2024,7,E2024_57,VIR,MIL,Away,75.6096,119.03250380904011,90,41,49,75.6096,55,22,29
2024,34,E2024_304,ASV,MCO,Home,66.4704,117.34546504910458,78,14,64,66.4704,63,26,21
2024,34,E2024_304,MCO,ASV,Away,66.5088,124.7955157813703,83,39,44,66.5088,59,20,37
2024,10,E2024_82,ASV,RED,Home,67.008,114.9116523400191,77,23,54,67.008,52,17,20
2024,10,E2024_82,RED,ASV,Away,66.2784,111.65025106218616,74,42,32,66.2784,61,28,16
2024,11,E2024_92,MCO,ASV,Home,72.9984,141.098982991408,103,43,60,72.9984,73,22,16
2024,11,E2024_92,ASV,MCO,Away,71.46239999999999,128.7390291957729,92,25,67,71.46239999999999,52,20,26
2024,17,E2024_147,MAD,MCO,Home,76.8,122.39583333333334,94,49,45,76.8,60,22,25
2024,17,E2024_147,MCO,MAD,Away,76.3008,94.36336185203825,72,22,50,76.3008,64,24,17
2024,25,E2024_218,ZAL,BER,Home,68.4288,106.680228208006,73,26,47,68.4288,52,21,37
2024,25,E2024_218,BER,ZAL,Away,71.19359999999999,74.44489392304928,53,24,29,71.19359999999999,65,24,14
2024,6,E2024_52,BAS,MIL,Home,65.9328,133.46922927586877,88,35,53,65.9328,70,26,22
2024,6,E2024_52,MIL,BAS,Away,66.81599999999999,124.22174329501918,83,33,50,66.81599999999999,67,30,15
2024,33,E2024_295,RED,IST,Home,80.6784,118.99095668729178,96,38,58,80.6784,74,37,16
2024,33,E2024_295,IST,RED,Away,77.8752,124.55826758711372,97,40,57,77.8752,66,24,23
2024,5,E2024_44,BAR,ASV,Home,71.5008,125.87271750805587,90,48,42,71.5008,61,27,17
2024,5,E2024_44,ASV,BAR,Away,69.9648,118.63108305890964,83,34,49,69.9648,57,29,27
2024,6,E2024_51,PAN,ASV,Home,70.00319999999999,131.42256353995248,92,48,44,70.00319999999999,62,20,18
2024,6,E2024_51,ASV,PAN,Away,68.12159999999999,99.82149567831644,68,32,36,68.12159999999999,58,27,9
2024,9,E2024_73,ULK,MUN,Home,69.1968,125.72835738068812,87,35,52,69.1968,64,28,7
2024,9,E2024_73,MUN,ULK,Away,67.776,112.13408876298396,76,17,59,67.776,59,29,15
2024,41,E2024_326,PAN,IST,Home,67.7376,110.72137188208617,75,13,62,67.7376,62,30,24
2024,41,E2024_326,IST,PAN,Away,68.2752,98.13226471691038,67,26,41,68.2752,61,29,23
2024,29,E2024_261,BAR,PAR,Home,65.9712,131.8757275902212,87,41,46,65.9712,55,28,13
2024,29,E2024_261,PAR,BAR,Away,67.0464,119.32035127911416,80,12,68,67.0464,73,28,11
2024,7,E2024_63,PRS,BAS,Home,68.4288,97.9119902731014,67,31,36,68.4288,72,27,12
2024,7,E2024_63,BAS,PRS,Away,68.46719999999999,94.93596934006358,65,16,49,68.46719999999999,67,26,28
2024,5,E2024_38,MCO,PRS,Home,74.15039999999999,107.88883134817885,80,30,50,74.15039999999999,75,24,21
2024,5,E2024_38,PRS,MCO,Away,73.6512,118.12434827945776,87,25,62,73.6512,63,29,13
2024,30,E2024_266,MAD,ASV,Home,70.08,115.58219178082192,81,38,43,70.08,56,25,25
2024,30,E2024_266,ASV,MAD,Away,69.5424,100.65801582919198,70,17,53,69.5424,50,26,26
2024,20,E2024_180,VIR,BAS,Home,67.0464,113.35433371515845,76,10,66,67.0464,65,28,11
2024,20,E2024_180,BAS,VIR,Away,66.7008,110.94319708309345,74,37,37,66.7008,63,28,17
2024,39,E2024_319,BAR,MCO,Home,65.856,151.84645286686106,100,50,50,65.856,68,26,15
2024,39,E2024_319,MCO,BAR,Away,65.856,135.14334305150632,89,12,77,65.856,59,27,15
2024,29,E2024_255,BER,BAS,Home,77.2992,125.48642159297899,97,62,35,77.2992,78,25,8
2024,29,E2024_255,BAS,BER,Away,75.264,119.57908163265307,90,42,48,75.264,56,24,35
2024,1,E2024_6,TEL,ASV,Home,71.61599999999999,124.2739052725648,89,27,62,71.61599999999999,65,18,15
2024,1,E2024_6,ASV,TEL,Away,72.9216,112.44953484289977,82,36,46,72.9216,61,17,9
2024,30,E2024_269,BAR,ZAL,Home,64.9344,126.28129312044156,82,55,27,64.9344,71,24,6
2024,30,E2024_269,ZAL,BAR,Away,62.97599999999999,111.15345528455285,70,34,36,62.97599999999999,61,22,15
2024,4,E2024_32,TEL,PAR,Home,64.3968,122.67690320015903,79,25,54,64.3968,57,24,32
2024,4,E2024_32,PAR,TEL,Away,65.0112,139.97588107895254,91,33,58,65.0112,67,23,13
2024,9,E2024_75,BER,MIL,Home,86.51520000000001,121.36595650244118,105,64,41,86.51520000000001,71,25,23
2024,9,E2024_75,MIL,BER,Away,86.592,116.63895048041391,101,27,74,86.592,74,32,30
2024,18,E2024_160,BAS,PRS,Home,74.88,125.53418803418803,94,21,73,74.88,69,26,25
2024,18,E2024_160,PRS,BAS,Away,75.03359999999999,107.9516376663255,81,48,33,75.03359999999999,77,36,14
2024,25,E2024_225,VIR,PAR,Home,59.7888,118.75133804324555,71,32,39,59.7888,57,24,12
2024,25,E2024_225,PAR,VIR,Away,61.593599999999995,131.50716957605985,81,13,68,61.593599999999995,59,18,14
2024,11,E2024_96,MAD,BER,Home,75.072,130.54134697357202,98,47,51,75.072,54,25,30
2024,11,E2024_96,BER,MAD,Away,73.34400000000001,114.52879581151831,84,34,50,73.34400000000001,65,27,10
2024,27,E2024_242,PAR,BAS,Home,69.88799999999999,123.05402930402931,86,26,60,69.88799999999999,63,22,20
2024,27,E2024_242,BAS,PAR,Away,71.80799999999999,101.65998217468805,73,30,43,71.80799999999999,65,25,20
2024,14,E2024_119,MUN,BAS,Home,70.8864,132.60653665583243,94,39,55,70.8864,62,30,11
2024,14,E2024_119,BAS,MUN,Away,65.9712,121.26503686457121,80,16,64,65.9712,58,26,13
2024,35,E2024_308,MUN,RED,Home,75.53280000000001,128.4210303338417,97,31,66,75.53280000000001,66,31,22
2024,35,E2024_308,RED,MUN,Away,77.75999999999999,119.59876543209877,93,23,70,77.75999999999999,68,22,25
2024,10,E2024_86,TEL,OLY,Home,74.26559999999999,122.53317821440884,91,30,61,74.26559999999999,68,21,19
2024,10,E2024_86,OLY,TEL,Away,74.3424,126.44197658402206,94,37,57,74.3424,63,27,26
2024,13,E2024_111,PAN,BAR,Home,70.31039999999999,128.00382304751506,90,44,46,70.31039999999999,59,30,21
2024,13,E2024_111,BAR,PAN,Away,70.7712,125.75737022969797,89,37,52,70.7712,66,25,13
2024,23,E2024_207,PAR,PRS,Home,65.51039999999999,140.43571707698322,92,32,60,65.51039999999999,59,27,21
2024,23,E2024_207,PRS,PAR,Away,67.008,128.34288443170965,86,31,55,67.008,59,27,20
2024,8,E2024_65,RED,BER,Home,74.112,124.13644214162349,92,40,52,74.112,66,21,30
2024,8,E2024_65,BER,RED,Away,74.1888,95.70177708764666,71,19,52,74.1888,64,26,12
2024,9,E2024_77,PAN,TEL,Home,72.768,127.80343007915566,93,42,51,72.768,58,16,20
2024,9,E2024_77,TEL,PAN,Away,72.34559999999999,120.25610403397029,87,40,47,72.34559999999999,66,19,19
2024,32,E2024_281,OLY,MCO,Home,66.7392,115.37447257383965,77,30,47,66.7392,61,20,33
2024,32,E2024_281,MCO,OLY,Away,65.9328,121.33566297806252,80,36,44,65.9328,61,21,22
2024,15,E2024_128,BER,PAR,Home,72.5376,124.07358390682901,90,37,53,72.5376,57,24,24
2024,15,E2024_128,PAR,BER,Away,70.5024,129.07362018881628,91,17,74,70.5024,59,27,26
2024,21,E2024_182,BAS,OLY,Home,74.8032,135.02096167008898,101,44,57,74.8032,70,30,18
2024,21,E2024_182,OLY,BAS,Away,73.26719999999999,139.21645702306083,102,30,72,73.26719999999999,68,24,28
2024,33,E2024_293,TEL,MUN,Home,74.88,124.19871794871796,93,27,66,74.88,60,18,25
2024,33,E2024_293,MUN,TEL,Away,76.83840000000001,117.12893553223387,90,39,51,76.83840000000001,60,41,16
2024,2,E2024_14,PAN,MUN,Home,71.19359999999999,132.03434016540814,94,46,48,71.19359999999999,72,21,14
2024,2,E2024_14,MUN,PAN,Away,73.53599999999999,107.43037423846826,79,44,35,73.53599999999999,65,27,15
2024,32,E2024_284,IST,TEL,Home,66.7392,134.85327963176067,90,39,51,66.7392,68,33,8
2024,32,E2024_284,TEL,IST,Away,64.128,137.2255489021956,88,28,60,64.128,52,19,20
2024,2,E2024_13,ASV,VIR,Home,64.43520000000001,135.01936829558997,87,24,63,64.43520000000001,69,22,23
2024,2,E2024_13,VIR,ASV,Away,64.5504,131.68005155661314,85,40,45,64.5504,58,17,21
2024,28,E2024_245,PAN,MAD,Home,71.0784,119.58625967945255,85,44,41,71.0784,66,27,16
2024,28,E2024_245,MAD,PAN,Away,69.0816,101.3294422827497,70,46,24,69.0816,69,26,9
2024,24,E2024_211,PRS,ASV,Home,70.9632,128.2354797979798,91,46,45,70.9632,68,30,18
2024,24,E2024_211,ASV,PRS,Away,72.1152,113.70695775647852,82,43,39,72.1152,61,31,23
2024,18,E2024_156,MIL,OLY,Home,68.73599999999999,120.75186219739294,83,27,56,68.73599999999999,51,21,15
2024,18,E2024_156,OLY,MIL,Away,70.9632,118.37121212121211,84,26,58,70.9632,57,29,18
2024,43,E2024_329,OLY,PAN,Home,76.83840000000001,126.23896385140763,97,32,65,76.83840000000001,65,27,16
2024,43,E2024_329,PAN,OLY,Away,75.7632,122.75088697415104,93,44,49,75.7632,67,23,18
2024,24,E2024_212,TEL,BER,Home,73.4976,118.37121212121211,87,30,57,73.4976,62,26,24
2024,24,E2024_212,BER,TEL,Away,73.11359999999999,127.19931722689077,93,51,42,73.11359999999999,71,20,14
2024,13,E2024_114,TEL,PRS,Home,72.23039999999999,112.14114832535887,81,32,49,72.23039999999999,66,18,21
2024,13,E2024_114,PRS,TEL,Away,68.85119999999999,135.07389849414392,93,47,46,68.85119999999999,77,33,13
2024,42,E2024_327,OLY,MCO,Home,71.15520000000001,95.565749235474,68,14,54,71.15520000000001,59,27,23
2024,42,E2024_327,MCO,OLY,Away,69.696,111.91460055096418,78,20,58,69.696,64,17,15
2024,31,E2024_278,RED,VIR,Home,66.81599999999999,131.70498084291188,88,46,42,66.81599999999999,68,24,15
2024,31,E2024_278,VIR,RED,Away,65.3184,79.61003331373702,52,19,33,65.3184,55,22,16
2024,11,E2024_97,IST,PRS,Home,70.65599999999999,118.8858695652174,84,39,45,70.65599999999999,64,22,15
2024,11,E2024_97,PRS,IST,Away,71.15520000000001,130.70021586616295,93,32,61,71.15520000000001,64,26,23
2024,18,E2024_155,BER,MAD,Home,65.77919999999999,104.89638061879745,69,21,48,65.77919999999999,70,22,8
2024,18,E2024_155,MAD,BER,Away,67.8912,117.83559577677225,80,44,36,67.8912,60,35,13
2024,32,E2024_288,PAN,PRS,Home,72.0,136.11111111111111,98,43,55,72.0,69,30,25
2024,32,E2024_288,PRS,PAN,Away,73.3056,137.77937838309762,101,34,67,73.3056,64,30,19
2024,3,E2024_20,ULK,RED,Home,65.856,86.5524781341108,57,23,34,65.856,55,23,15
2024,3,E2024_20,RED,ULK,Away,63.8208,119.08343361411953,76,26,50,63.8208,57,28,17
2024,40,E2024_323,BAR,MCO,Home,73.92,106.87229437229438,79,27,52,73.92,56,27,25
2024,40,E2024_323,MCO,BAR,Away,75.53280000000001,95.3228266395526,72,22,50,75.53280000000001,63,32,22
2024,5,E2024_41,BAS,BER,Home,69.312,115.42012927054479,80,29,51,69.312,74,36,5
2024,5,E2024_41,BER,BAS,Away,67.584,84.33948863636364,57,13,44,67.584,60,19,10
2024,17,E2024_151,OLY,BER,Home,72.1152,124.80031948881789,90,27,63,72.1152,68,28,23
2024,17,E2024_151,BER,OLY,Away,73.3056,115.952942203597,85,35,50,73.3056,57,23,19
2024,22,E2024_191,MIL,PAR,Home,66.2784,105.61510235612204,70,20,50,66.2784,54,28,16
2024,22,E2024_191,PAR,MIL,Away,69.0432,130.353170189099,90,32,58,69.0432,58,22,18
2024,15,E2024_131,MAD,ZAL,Home,73.8816,112.34190921690922,83,46,37,73.8816,54,26,34
2024,15,E2024_131,ZAL,MAD,Away,75.1104,122.486366734833,92,42,50,75.1104,62,29,21
2024,19,E2024_163,ZAL,OLY,Home,68.6592,123.79986950037285,85,30,55,68.6592,61,36,8
2024,19,E2024_163,OLY,ZAL,Away,69.5808,132.22038263428993,92,31,61,69.5808,63,25,17
2024,26,E2024_230,MUN,ASV,Home,66.5088,114.27059276366435,76,33,43,66.5088,62,30,12
2024,26,E2024_230,ASV,MUN,Away,66.048,101.44137596899225,67,33,34,66.048,58,33,20
2024,28,E2024_244,PRS,MCO,Home,72.8832,108.39260625219529,79,44,35,72.8832,67,28,18
2024,28,E2024_244,MCO,PRS,Away,71.61599999999999,127.06657730116177,91,33,58,71.61599999999999,64,19,15
2024,3,E2024_25,BAR,MCO,Home,68.3136,125.89001311598278,86,31,55,68.3136,63,25,14
2024,3,E2024_25,MCO,BAR,Away,68.928,103.00603528319405,71,31,40,68.928,60,17,20
2024,21,E2024_186,ZAL,VIR,Home,64.89599999999999,118.65138067061147,77,32,45,64.89599999999999,57,35,15
2024,21,E2024_186,VIR,ZAL,Away,66.1632,102.77616560263108,68,36,32,66.1632,61,23,18
2024,7,E2024_60,ZAL,MCO,Home,61.93919999999999,101.71264724116553,63,38,25,61.93919999999999,55,26,8
2024,7,E2024_60,MCO,ZAL,Away,64.7808,95.70737008496344,62,15,47,64.7808,56,19,17
2024,24,E2024_208,ZAL,MUN,Home,70.5408,116.24478316095082,82,24,58,70.5408,63,30,17
2024,24,E2024_208,MUN,ZAL,Away,72.9984,132.87962475889884,97,31,66,72.9984,63,32,16
2024,27,E2024_243,ASV,PAN,Home,72.84479999999999,127.66868740115973,93,34,59,72.84479999999999,59,24,27
2024,27,E2024_243,PAN,ASV,Away,73.38239999999999,130.82155939298798,96,37,59,73.38239999999999,59,22,26
2024,33,E2024_291,ZAL,PAR,Home,64.5504,108.44239539956375,70,23,47,64.5504,59,25,21
2024,33,E2024_291,PAR,ZAL,Away,62.5152,105.57432432432432,66,21,45,62.5152,51,17,23
2024,29,E2024_256,VIR,MAD,Home,68.3136,98.07710324152147,67,35,32,68.3136,60,20,14
2024,29,E2024_256,MAD,VIR,Away,66.66239999999999,120.00768049155148,80,34,46,66.66239999999999,58,20,26
2024,2,E2024_12,IST,ULK,Home,66.5856,117.14244521337946,78,30,48,66.5856,67,30,19
2024,2,E2024_12,ULK,IST,Away,64.89599999999999,127.89694280078898,83,30,53,64.89599999999999,67,27,15
2024,37,E2024_310,OLY,MAD,Home,70.65599999999999,118.8858695652174,84,34,50,70.65599999999999,70,27,15
2024,37,E2024_310,MAD,OLY,Away,71.61599999999999,100.53619302949063,72,45,27,71.61599999999999,57,24,15
2024,17,E2024_153,MIL,MUN,Home,69.3504,112.47231450719823,78,25,53,69.3504,58,26,21
2024,17,E2024_153,MUN,MIL,Away,67.584,116.89157196969697,79,11,68,67.584,68,24,10
2024,39,E2024_320,IST,PAN,Home,64.2816,119.78544404619673,77,26,51,64.2816,59,23,9
2024,39,E2024_320,PAN,IST,Away,65.3184,124.0079365079365,81,20,61,65.3184,63,24,16
2024,1,E2024_7,ULK,OLY,Home,65.9328,124.36905455251409,82,26,56,65.9328,61,24,22
2024,1,E2024_7,OLY,ULK,Away,67.43039999999999,105.29375474563403,71,28,43,67.43039999999999,60,20,21
2024,38,E2024_314,OLY,MAD,Home,68.6592,112.14811707680836,77,28,49,68.6592,62,32,33
2024,38,E2024_314,MAD,OLY,Away,67.6608,104.93520620507,71,24,47,67.6608,57,24,17
2024,1,E2024_4,BAS,PAR,Home,66.4704,132.38975544001542,88,28,60,66.4704,56,21,21
2024,1,E2024_4,PAR,BAS,Away,68.544,119.6311858076564,82,15,67,68.544,64,24,10
2024,32,E2024_287,RED,MAD,Home,70.9632,101.46103896103895,72,28,44,70.9632,74,38,18
2024,32,E2024_287,MAD,RED,Away,67.6608,115.28093076049943,78,32,46,67.6608,64,25,17
2024,6,E2024_54,VIR,MUN,Home,70.00319999999999,119.99451453647833,84,15,69,70.00319999999999,64,23,18
2024,6,E2024_54,MUN,VIR,Away,68.928,126.21866295264626,87,30,57,68.928,62,29,20
2024,10,E2024_83,BAS,MCO,Home,71.8848,104.33360042735043,75,16,59,71.8848,60,20,27
2024,10,E2024_83,MCO,BAS,Away,73.38239999999999,118.55703819989536,87,42,45,73.38239999999999,60,26,26
2024,1,E2024_5,MUN,MAD,Home,76.3776,127.0005865594101,97,49,48,76.3776,63,35,24
2024,1,E2024_5,MAD,MUN,Away,72.768,122.30650835532101,89,37,52,72.768,57,22,20
2024,17,E2024_149,ZAL,ASV,Home,68.5056,105.10089686098654,72,28,44,68.5056,57,29,19
2024,17,E2024_149,ASV,ZAL,Away,66.66239999999999,117.00748847926268,78,19,59,66.66239999999999,56,24,26
2024,6,E2024_47,ULK,TEL,Home,69.27359999999999,121.25831485587585,84,43,41,69.27359999999999,70,27,14
2024,6,E2024_47,TEL,ULK,Away,69.9648,117.20179290157337,82,23,59,69.9648,57,18,27
2024,20,E2024_172,ULK,BER,Home,71.15520000000001,126.48407987048029,90,30,60,71.15520000000001,58,26,23
2024,20,E2024_172,BER,ULK,Away,71.7696,101.71437488853219,73,27,46,71.7696,66,20,4
2024,12,E2024_102,PRS,VIR,Home,72.4608,111.7845786963434,81,37,44,72.4608,71,34,17
2024,12,E2024_102,VIR,PRS,Away,73.4976,106.12591431556947,78,23,55,73.4976,64,29,24
2024,37,E2024_312,PAN,IST,Home,74.5728,116.6645211122554,87,24,63,74.5728,68,30,22
2024,37,E2024_312,IST,PAN,Away,75.3408,110.16607203533808,83,27,56,75.3408,68,31,17
2024,20,E2024_175,TEL,MIL,Home,73.0752,101.26554562970749,74,31,43,73.0752,61,21,23
2024,20,E2024_175,MIL,TEL,Away,72.4224,147.74434429126902,107,48,59,72.4224,63,29,26
2024,14,E2024_123,MCO,BER,Home,74.53439999999999,134.1662373347072,100,52,48,74.53439999999999,59,22,31
2024,14,E2024_123,BER,MCO,Away,76.7232,104.27093760427093,80,28,52,76.7232,60,22,18
2024,31,E2024_273,BAR,MUN,Home,71.9232,140.42756718277275,101,29,72,71.9232,67,25,18
2024,31,E2024_273,MUN,BAR,Away,72.768,140.17150395778364,102,34,68,72.768,66,29,20
2024,25,E2024_219,RED,ASV,Home,68.16,107.10093896713614,73,36,37,68.16,61,22,25
2024,25,E2024_219,ASV,RED,Away,69.1584,95.4330927262632,66,35,31,69.1584,75,28,16
2024,4,E2024_31,MAD,PAN,Home,66.20159999999998,135.94837587006964,90,30,60,66.20159999999998,73,33,9
2024,4,E2024_31,PAN,MAD,Away,68.1984,126.10266516516515,86,42,44,68.1984,63,23,16
2024,33,E2024_297,VIR,MIL,Home,65.9328,136.5026208503203,90,56,34,65.9328,60,26,22
2024,33,E2024_297,MIL,VIR,Away,65.856,106.29251700680274,70,43,27,65.856,56,22,15
2024,23,E2024_202,MAD,BAS,Home,68.58239999999999,131.2290033594625,90,37,53,68.58239999999999,60,22,26
2024,23,E2024_202,BAS,MAD,Away,69.0432,128.90480163144235,89,45,44,69.0432,79,31,18
2024,39,E2024_321,PRS,ULK,Home,74.304,118.43238587424634,88,41,47,74.304,73,30,10
2024,39,E2024_321,ULK,PRS,Away,75.84,129.2194092827004,98,51,47,75.84,67,24,25
2024,28,E2024_247,MIL,ULK,Home,68.73599999999999,110.56797020484173,76,24,52,68.73599999999999,67,21,15
2024,28,E2024_247,ULK,MIL,Away,68.4288,146.13729891507668,100,60,40,68.4288,61,22,12
2024,16,E2024_143,OLY,VIR,Home,67.1232,129.61241418764303,87,25,62,67.1232,66,29,18
2024,16,E2024_143,VIR,OLY,Away,69.0432,111.52437893956248,77,38,39,69.0432,57,24,18
2024,28,E2024_250,ASV,TEL,Home,73.92,128.517316017316,95,60,35,73.92,68,31,25
2024,28,E2024_250,TEL,ASV,Away,74.38080000000001,137.13216313887452,102,48,54,74.38080000000001,71,34,17
2024,22,E2024_195,RED,MCO,Home,77.952,112.88998357963875,88,56,32,77.952,58,20,30
2024,22,E2024_195,MCO,RED,Away,74.9952,109.34033111452466,82,29,53,74.9952,66,25,23
2024,14,E2024_125,VIR,RED,Home,72.1152,120.64030883919064,87,16,71,72.1152,68,17,23
2024,14,E2024_125,RED,VIR,Away,69.2352,135.76908855611018,94,56,38,69.2352,61,23,23
2024,5,E2024_42,MAD,RED,Home,72.84479999999999,130.41425057107716,95,42,53,72.84479999999999,57,32,27
2024,5,E2024_42,RED,MAD,Away,75.7632,95.03294475418144,72,36,36,75.7632,69,32,18
2024,37,E2024_311,MCO,BAR,Home,73.728,131.5646701388889,97,28,69,73.728,68,28,20
2024,37,E2024_311,BAR,MCO,Away,72.7296,109.99648011263639,80,37,43,72.7296,58,22,29
2024,17,E2024_150,VIR,BAR,Home,67.7376,126.96050642479213,86,38,48,67.7376,69,26,24
2024,17,E2024_150,BAR,VIR,Away,68.6592,117.97399328859062,81,28,53,68.6592,76,24,8
2024,2,E2024_16,MIL,PRS,Home,71.5776,110.36972460658083,79,29,50,71.5776,57,25,24
2024,2,E2024_16,PRS,MIL,Away,69.2352,106.88204843778885,74,34,40,69.2352,64,26,23
2024,19,E2024_168,PAN,VIR,Home,68.4288,162.21240179573516,111,30,81,68.4288,63,32,12
2024,19,E2024_168,VIR,PAN,Away,68.1984,131.9679054054054,90,28,62,68.1984,61,27,16
2024,24,E2024_214,MCO,MAD,Home,72.96,105.53728070175438,77,35,42,72.96,73,23,25
2024,24,E2024_214,MAD,MCO,Away,73.728,99.01258680555556,73,48,25,73.728,62,24,20
2024,4,E2024_36,ASV,BAS,Home,66.1632,114.8674792029406,76,19,57,66.1632,58,25,18
2024,4,E2024_36,BAS,ASV,Away,68.73599999999999,100.38407821229052,69,19,50,68.73599999999999,67,23,15
2024,5,E2024_39,ZAL,TEL,Home,67.008,116.40401146131806,78,26,52,67.008,56,24,20
2024,5,E2024_39,TEL,ZAL,Away,64.6656,97.42428741092637,63,20,43,64.6656,60,21,19
2024,11,E2024_93,RED,PAR,Home,68.3904,112.58890136627362,77,49,28,68.3904,62,29,21
2024,11,E2024_93,PAR,RED,Away,68.0448,130.79618133935293,89,48,41,68.0448,65,33,27
2024,25,E2024_222,MCO,BAS,Home,70.7328,130.06695620702135,92,33,59,70.7328,58,24,22
2024,25,E2024_222,BAS,MCO,Away,72.8832,116.62495609413416,85,30,55,72.8832,71,21,18
2024,30,E2024_263,MCO,ULK,Home,75.9552,119.80746545331984,91,26,65,75.9552,62,24,23
2024,30,E2024_263,ULK,MCO,Away,77.568,105.71369636963696,82,24,58,77.568,67,26,20
2024,30,E2024_268,PAN,BER,Home,72.49919999999999,125.51862641242938,91,30,61,72.49919999999999,65,20,33
2024,30,E2024_268,BER,PAN,Away,73.8432,109.69188767550702,81,45,36,73.8432,61,28,18
2024,22,E2024_190,ASV,BER,Home,77.64479999999999,123.63996043521269,96,47,49,77.64479999999999,63,26,27
2024,22,E2024_190,BER,ASV,Away,76.3008,116.64360006710284,89,28,61,76.3008,72,26,17
2024,40,E2024_322,MAD,OLY,Home,70.4256,119.27480916030532,84,31,53,70.4256,58,24,19
2024,40,E2024_322,OLY,MAD,Away,69.8496,123.12167857797324,86,25,61,69.8496,58,25,29
2024,6,E2024_46,IST,BAR,Home,73.61280000000001,119.54442705616412,88,32,56,73.61280000000001,62,21,22
2024,6,E2024_46,BAR,IST,Away,73.728,131.5646701388889,97,44,53,73.728,66,30,20
2024,12,E2024_100,ZAL,BAS,Home,65.856,106.29251700680274,70,27,43,65.856,64,26,15
2024,12,E2024_100,BAS,ZAL,Away,65.9328,125.88575033973986,83,22,61,65.9328,63,28,22
2024,6,E2024_49,BER,PRS,Home,72.576,114.36287477954146,83,29,54,72.576,68,23,15
2024,6,E2024_49,PRS,BER,Away,73.6512,124.91310392770248,92,33,59,73.6512,80,52,13
2024,16,E2024_141,TEL,BAS,Home,73.4208,115.77100767085075,85,51,34,73.4208,67,22,17
2024,16,E2024_141,BAS,TEL,Away,72.1536,131.66356217846374,95,24,71,72.1536,66,26,14
2024,21,E2024_183,MIL,BER,Home,67.96799999999999,147.1280602636535,100,40,60,67.96799999999999,57,30,20
2024,21,E2024_183,BER,MIL,Away,66.7008,101.94780272500479,68,30,38,66.7008,66,22,17
2024,8,E2024_67,MUN,ZAL,Home,68.8896,111.77303976217019,77,19,58,68.8896,55,26,29
2024,8,E2024_67,ZAL,MUN,Away,70.6176,104.78974080116006,74,56,18,70.6176,68,37,24
2024,5,E2024_40,MIL,IST,Home,68.0448,123.44808126410835,84,38,46,68.0448,66,28,27
2024,5,E2024_40,IST,MIL,Away,67.4688,142.28799089356858,96,29,67,67.4688,55,23,12
2024,22,E2024_196,BAS,PAN,Home,74.0736,122.85078624503197,91,24,67,74.0736,66,24,14
2024,22,E2024_196,PAN,BAS,Away,72.4608,106.26435258788199,77,31,46,72.4608,61,25,17
2024,32,E2024_283,MUN,PAR,Home,64.0128,139.0346930613877,89,33,56,64.0128,55,26,22
2024,32,E2024_283,PAR,MUN,Away,63.2064,117.07675172134466,74,22,52,63.2064,65,29,11
2024,41,E2024_325,MCO,BAR,Home,68.3136,124.42617575416901,85,30,55,68.3136,64,16,14
2024,41,E2024_325,BAR,MCO,Away,70.65599999999999,118.8858695652174,84,24,60,70.65599999999999,65,29,15
2024,21,E2024_188,BAR,PAN,Home,67.16159999999999,122.09357728225653,82,42,40,67.16159999999999,68,24,9
2024,21,E2024_188,PAN,BAR,Away,68.85119999999999,106.02574828034952,73,11,62,68.85119999999999,67,25,13
2024,15,E2024_133,RED,OLY,Home,63.6288,136.73053711526856,87,40,47,63.6288,63,23,12
2024,15,E2024_133,OLY,RED,Away,64.7808,112.68770993874728,73,31,42,64.7808,57,23,17
2024,31,E2024_274,ASV,OLY,Home,69.3504,116.7981727574751,81,30,51,69.3504,54,23,21
2024,31,E2024_274,OLY,ASV,Away,71.15520000000001,98.3765065659291,70,12,58,71.15520000000001,62,30,23
2024,12,E2024_107,BAR,MAD,Home,83.136,108.25635103926096,90,29,61,83.136,89,34,15
2024,12,E2024_107,MAD,BAR,Away,83.4432,116.24674029759166,97,23,74,83.4432,73,32,18
2024,14,E2024_118,ZAL,IST,Home,67.5072,125.9124952597649,85,39,46,67.5072,64,27,28
2024,14,E2024_118,IST,ZAL,Away,64.20479999999999,112.14114832535887,72,25,47,64.20479999999999,54,20,27
